<?xml version="1.0" encoding="UTF-8" standalone="no"?>
<project default="create_run_jar" name="Create Runnable Jar for Project CollectiveBeliefRevision">
    <!--this file was created by Eclipse Runnable JAR Export Wizard-->
    <!--ANT 1.7 is required                                        -->
    <target name="create_run_jar">
        <jar destfile="Z:/MainFile/source/java/linsem-gui/dist/linsem-gui.jar" filesetmanifest="mergewithoutmain">
            <manifest>
                <attribute name="Main-Class" value="linsem.gui.GUIMain"/>
                <attribute name="Class-Path" value="."/>
            </manifest>
            <fileset dir="Z:/MainFile/source/java/linsem-gui/bin"/>
            <zipfileset excludes="META-INF/*.SF" src="Z:/MainFile/source/java/linsem-gui/lib/jnlp.jar"/>
        </jar>
    </target>
	
    <target name="create_rpi_run_jar">
        <jar destfile="Z:/MainFile/source/java/linsem-gui/dist/linsem-gui.jar" filesetmanifest="mergewithoutmain">
            <manifest>
                <attribute name="Main-Class" value="linsem.gui.rpi.RPiMain"/>
                <attribute name="Class-Path" value="."/>
            </manifest>
            <fileset dir="Z:/MainFile/source/java/linsem-gui/bin"/>
            <zipfileset excludes="META-INF/*.SF" src="Z:/MainFile/source/java/linsem-gui/lib/jnlp.jar"/>
        </jar>
    </target>
</project>
