<?xml version="1.0" encoding="UTF-8" standalone="no"?>
<project default="create_run_jar" name="Create Runnable Jar for Project CollectiveBeliefRevision">
    <!--this file was created by Eclipse Runnable JAR Export Wizard-->
    <!--ANT 1.7 is required                                        -->
    <target name="create_run_jar">
        <jar destfile="Z:/MainFile/source/java/linsem/dist/linsem.jar" filesetmanifest="mergewithoutmain">
            <manifest>
                <attribute name="Main-Class" value="linsem.Main"/>
                <attribute name="Class-Path" value="."/>
            </manifest>
            <fileset dir="Z:/MainFile/source/java/linsem/bin"/>
        </jar>
    </target>
</project>
